{
  "project_info": {
    "project_number": "763541626039",
    "project_id": "im-id-2c2bb",
    "storage_bucket": "im-id-2c2bb.appspot.com"
  },
  "client": [
    {
      "client_info": {
        "mobilesdk_app_id": "1:763541626039:android:4bd53dd8449638a1134132",
        "android_client_info": {
          "package_name": "com.example.untitled"
        }
      },
      "oauth_client": [
        {
          "client_id": "763541626039-6dbm5m5epmfl0ogt7e6t5o0nk0nt7ake.apps.googleusercontent.com",
          "client_type": 3
        }
      ],
      "api_key": [
        {
          "current_key": "AIzaSyAuvGXS6yWuGg-QptUG-8WXmpsbA68xNbc"
        }
      ],
      "services": {
        "appinvite_service": {
          "other_platform_oauth_client": [
            {
              "client_id": "763541626039-6dbm5m5epmfl0ogt7e6t5o0nk0nt7ake.apps.googleusercontent.com",
              "client_type": 3
            }
          ]
        }
      }
    }
  ],
  "configuration_version": "1"
}